time,dataset,classifier,method,run,fold,query,kappa
2025-03-29 15:58:26.796007,thyroid-sick-euthyroid,GaussianNB,random_sampling,0,0,0,-0.000743978424625702
2025-03-29 15:58:26.801060,thyroid-sick-euthyroid,GaussianNB,random_sampling,0,0,1,0.0
2025-03-29 15:58:26.805864,thyroid-sick-euthyroid,GaussianNB,random_sampling,0,0,2,0.0
2025-03-29 15:58:26.810567,thyroid-sick-euthyroid,GaussianNB,random_sampling,0,0,3,0.0
2025-03-29 15:58:26.815095,thyroid-sick-euthyroid,GaussianNB,random_sampling,0,0,4,0.0
2025-03-29 15:58:26.819079,thyroid-sick-euthyroid,GaussianNB,random_sampling,0,0,5,0.0
2025-03-29 15:58:26.823099,thyroid-sick-euthyroid,GaussianNB,random_sampling,0,0,6,0.0
2025-03-29 15:58:26.827207,thyroid-sick-euthyroid,GaussianNB,random_sampling,0,0,7,0.1054874739983721
2025-03-29 15:58:26.831239,thyroid-sick-euthyroid,GaussianNB,random_sampling,0,0,8,0.10744703835526082
2025-03-29 15:58:26.835268,thyroid-sick-euthyroid,GaussianNB,random_sampling,0,0,9,0.10843545250816855
2025-03-29 15:58:26.839401,thyroid-sick-euthyroid,GaussianNB,random_sampling,0,0,10,0.11042979975564571
2025-03-29 15:58:26.843332,thyroid-sick-euthyroid,GaussianNB,random_sampling,0,0,11,0.11042979975564571
2025-03-29 15:58:26.847486,thyroid-sick-euthyroid,GaussianNB,random_sampling,0,0,12,0.11042979975564571
2025-03-29 15:58:26.851669,thyroid-sick-euthyroid,GaussianNB,random_sampling,0,0,13,0.11042979975564571
2025-03-29 15:58:26.855769,thyroid-sick-euthyroid,GaussianNB,random_sampling,0,0,14,0.11143583666049173
2025-03-29 15:58:26.859766,thyroid-sick-euthyroid,GaussianNB,random_sampling,0,0,15,0.11244785265453794
2025-03-29 15:58:26.863754,thyroid-sick-euthyroid,GaussianNB,random_sampling,0,0,16,0.11346590119912958
2025-03-29 15:58:26.867784,thyroid-sick-euthyroid,GaussianNB,random_sampling,0,0,17,0.11449003639487576
2025-03-29 15:58:26.871833,thyroid-sick-euthyroid,GaussianNB,random_sampling,0,0,18,0.11346590119912958
2025-03-29 15:58:26.875953,thyroid-sick-euthyroid,GaussianNB,random_sampling,0,0,19,0.11449003639487576
2025-03-29 15:58:26.879983,thyroid-sick-euthyroid,GaussianNB,random_sampling,0,0,20,0.11759951268654967
2025-03-29 15:58:26.884019,thyroid-sick-euthyroid,GaussianNB,random_sampling,0,0,21,0.11759951268654967
2025-03-29 15:58:26.888116,thyroid-sick-euthyroid,GaussianNB,random_sampling,0,0,22,0.11759951268654967
2025-03-29 15:58:26.892187,thyroid-sick-euthyroid,GaussianNB,random_sampling,0,0,23,0.11759951268654967
2025-03-29 15:58:26.896233,thyroid-sick-euthyroid,GaussianNB,random_sampling,0,0,24,0.11759951268654967
2025-03-29 15:58:26.900306,thyroid-sick-euthyroid,GaussianNB,random_sampling,0,0,25,0.11759951268654967
2025-03-29 15:58:26.904431,thyroid-sick-euthyroid,GaussianNB,random_sampling,0,0,26,0.12067789760816305
2025-03-29 15:58:26.908553,thyroid-sick-euthyroid,GaussianNB,random_sampling,0,0,27,0.12412403476442191
2025-03-29 15:58:26.912779,thyroid-sick-euthyroid,GaussianNB,random_sampling,0,0,28,0.12412403476442191
2025-03-29 15:58:26.916879,thyroid-sick-euthyroid,GaussianNB,random_sampling,0,0,29,0.12412403476442191
2025-03-29 15:58:26.921048,thyroid-sick-euthyroid,GaussianNB,random_sampling,0,0,30,0.12412403476442191
2025-03-29 15:58:26.925144,thyroid-sick-euthyroid,GaussianNB,random_sampling,0,0,31,0.12412403476442191
2025-03-29 15:58:26.929211,thyroid-sick-euthyroid,GaussianNB,random_sampling,0,0,32,0.12412403476442191
2025-03-29 15:58:26.933387,thyroid-sick-euthyroid,GaussianNB,random_sampling,0,0,33,0.12412403476442191
2025-03-29 15:58:26.937642,thyroid-sick-euthyroid,GaussianNB,random_sampling,0,0,34,0.12412403476442191
2025-03-29 15:58:26.941630,thyroid-sick-euthyroid,GaussianNB,random_sampling,0,0,35,0.12412403476442191
2025-03-29 15:58:26.945718,thyroid-sick-euthyroid,GaussianNB,random_sampling,0,0,36,0.12412403476442191
2025-03-29 15:58:26.949787,thyroid-sick-euthyroid,GaussianNB,random_sampling,0,0,37,0.12412403476442191
2025-03-29 15:58:26.953752,thyroid-sick-euthyroid,GaussianNB,random_sampling,0,0,38,0.12412403476442191
2025-03-29 15:58:26.957717,thyroid-sick-euthyroid,GaussianNB,random_sampling,0,0,39,0.12412403476442191
2025-03-29 15:58:26.961728,thyroid-sick-euthyroid,GaussianNB,random_sampling,0,0,40,0.12188716346348105
2025-03-29 15:58:26.965749,thyroid-sick-euthyroid,GaussianNB,random_sampling,0,0,41,0.12188716346348105
2025-03-29 15:58:26.969755,thyroid-sick-euthyroid,GaussianNB,random_sampling,0,0,42,0.12188716346348105
2025-03-29 15:58:26.973786,thyroid-sick-euthyroid,GaussianNB,random_sampling,0,0,43,0.12188716346348105
2025-03-29 15:58:26.977803,thyroid-sick-euthyroid,GaussianNB,random_sampling,0,0,44,0.12188716346348105
2025-03-29 15:58:26.981877,thyroid-sick-euthyroid,GaussianNB,random_sampling,0,0,45,0.12107747847820038
2025-03-29 15:58:26.985967,thyroid-sick-euthyroid,GaussianNB,random_sampling,0,0,46,0.12188716346348105
2025-03-29 15:58:26.990003,thyroid-sick-euthyroid,GaussianNB,random_sampling,0,0,47,0.12188716346348105
2025-03-29 15:58:26.994042,thyroid-sick-euthyroid,GaussianNB,random_sampling,0,0,48,0.12188716346348105
2025-03-29 15:58:26.998122,thyroid-sick-euthyroid,GaussianNB,random_sampling,0,0,49,0.12188716346348105
2025-03-29 15:58:27.002212,thyroid-sick-euthyroid,GaussianNB,random_sampling,0,0,50,0.12188716346348105
2025-03-29 15:58:27.006403,thyroid-sick-euthyroid,GaussianNB,random_sampling,0,0,51,0.1293463908450705
2025-03-29 15:58:27.010501,thyroid-sick-euthyroid,GaussianNB,random_sampling,0,0,52,0.1293463908450705
2025-03-29 15:58:27.014660,thyroid-sick-euthyroid,GaussianNB,random_sampling,0,0,53,0.1293463908450705
2025-03-29 15:58:27.018828,thyroid-sick-euthyroid,GaussianNB,random_sampling,0,0,54,0.1293463908450705
2025-03-29 15:58:27.023039,thyroid-sick-euthyroid,GaussianNB,random_sampling,0,0,55,0.1293463908450705
2025-03-29 15:58:27.027210,thyroid-sick-euthyroid,GaussianNB,random_sampling,0,0,56,0.1293463908450705
2025-03-29 15:58:27.031323,thyroid-sick-euthyroid,GaussianNB,random_sampling,0,0,57,0.12521535640909887
2025-03-29 15:58:27.035485,thyroid-sick-euthyroid,GaussianNB,random_sampling,0,0,58,0.12521535640909887
2025-03-29 15:58:27.039495,thyroid-sick-euthyroid,GaussianNB,random_sampling,0,0,59,0.12521535640909887
2025-03-29 15:58:27.043527,thyroid-sick-euthyroid,GaussianNB,random_sampling,0,0,60,0.12521535640909887
2025-03-29 15:58:27.047480,thyroid-sick-euthyroid,GaussianNB,random_sampling,0,0,61,0.11780783611540835
2025-03-29 15:58:27.051489,thyroid-sick-euthyroid,GaussianNB,random_sampling,0,0,62,0.11780783611540835
2025-03-29 15:58:27.055468,thyroid-sick-euthyroid,GaussianNB,random_sampling,0,0,63,0.11303918472289576
2025-03-29 15:58:27.059454,thyroid-sick-euthyroid,GaussianNB,random_sampling,0,0,64,0.11540701059741454
2025-03-29 15:58:27.063393,thyroid-sick-euthyroid,GaussianNB,random_sampling,0,0,65,0.11540701059741454
2025-03-29 15:58:27.067324,thyroid-sick-euthyroid,GaussianNB,random_sampling,0,0,66,0.11540701059741454
2025-03-29 15:58:27.071330,thyroid-sick-euthyroid,GaussianNB,random_sampling,0,0,67,0.11540701059741454
2025-03-29 15:58:27.075279,thyroid-sick-euthyroid,GaussianNB,random_sampling,0,0,68,0.11540701059741454
2025-03-29 15:58:27.079185,thyroid-sick-euthyroid,GaussianNB,random_sampling,0,0,69,0.1162035852334713
2025-03-29 15:58:27.083200,thyroid-sick-euthyroid,GaussianNB,random_sampling,0,0,70,0.1162035852334713
2025-03-29 15:58:27.087219,thyroid-sick-euthyroid,GaussianNB,random_sampling,0,0,71,0.1162035852334713
2025-03-29 15:58:27.091317,thyroid-sick-euthyroid,GaussianNB,random_sampling,0,0,72,0.1162035852334713
2025-03-29 15:58:27.095405,thyroid-sick-euthyroid,GaussianNB,random_sampling,0,0,73,0.1162035852334713
2025-03-29 15:58:27.099438,thyroid-sick-euthyroid,GaussianNB,random_sampling,0,0,74,0.1162035852334713
2025-03-29 15:58:27.103587,thyroid-sick-euthyroid,GaussianNB,random_sampling,0,0,75,0.1162035852334713
2025-03-29 15:58:27.107759,thyroid-sick-euthyroid,GaussianNB,random_sampling,0,0,76,0.1162035852334713
2025-03-29 15:58:27.111829,thyroid-sick-euthyroid,GaussianNB,random_sampling,0,0,77,0.1162035852334713
2025-03-29 15:58:27.115986,thyroid-sick-euthyroid,GaussianNB,random_sampling,0,0,78,0.11540701059741454
2025-03-29 15:58:27.120240,thyroid-sick-euthyroid,GaussianNB,random_sampling,0,0,79,0.11540701059741454
2025-03-29 15:58:27.124399,thyroid-sick-euthyroid,GaussianNB,random_sampling,0,0,80,0.1162035852334713
2025-03-29 15:58:27.128481,thyroid-sick-euthyroid,GaussianNB,random_sampling,0,0,81,0.1162035852334713
2025-03-29 15:58:27.132712,thyroid-sick-euthyroid,GaussianNB,random_sampling,0,0,82,0.1162035852334713
2025-03-29 15:58:27.136801,thyroid-sick-euthyroid,GaussianNB,random_sampling,0,0,83,0.1162035852334713
2025-03-29 15:58:27.140790,thyroid-sick-euthyroid,GaussianNB,random_sampling,0,0,84,0.1162035852334713
2025-03-29 15:58:27.144816,thyroid-sick-euthyroid,GaussianNB,random_sampling,0,0,85,0.1162035852334713
2025-03-29 15:58:27.148926,thyroid-sick-euthyroid,GaussianNB,random_sampling,0,0,86,0.1162035852334713
2025-03-29 15:58:27.152918,thyroid-sick-euthyroid,GaussianNB,random_sampling,0,0,87,0.1162035852334713
2025-03-29 15:58:27.157037,thyroid-sick-euthyroid,GaussianNB,random_sampling,0,0,88,0.1031438173320317
2025-03-29 15:58:27.161074,thyroid-sick-euthyroid,GaussianNB,random_sampling,0,0,89,0.1031438173320317
2025-03-29 15:58:27.165004,thyroid-sick-euthyroid,GaussianNB,random_sampling,0,0,90,0.1031438173320317
2025-03-29 15:58:27.169092,thyroid-sick-euthyroid,GaussianNB,random_sampling,0,0,91,0.1031438173320317
2025-03-29 15:58:27.173242,thyroid-sick-euthyroid,GaussianNB,random_sampling,0,0,92,0.1031438173320317
2025-03-29 15:58:27.177943,thyroid-sick-euthyroid,GaussianNB,random_sampling,0,0,93,0.1031438173320317
2025-03-29 15:58:27.182655,thyroid-sick-euthyroid,GaussianNB,random_sampling,0,0,94,0.1031438173320317
2025-03-29 15:58:27.187458,thyroid-sick-euthyroid,GaussianNB,random_sampling,0,0,95,0.1031438173320317
2025-03-29 15:58:27.192211,thyroid-sick-euthyroid,GaussianNB,random_sampling,0,0,96,0.1031438173320317
2025-03-29 15:58:27.196977,thyroid-sick-euthyroid,GaussianNB,random_sampling,0,0,97,0.1031438173320317
2025-03-29 15:58:27.201726,thyroid-sick-euthyroid,GaussianNB,random_sampling,0,0,98,0.1031438173320317
2025-03-29 15:58:27.206485,thyroid-sick-euthyroid,GaussianNB,random_sampling,0,0,99,0.1031438173320317
2025-03-29 15:58:27.211339,thyroid-sick-euthyroid,GaussianNB,random_sampling,0,0,100,0.1031438173320317
2025-03-29 15:58:27.217212,thyroid-sick-euthyroid,GaussianNB,random_sampling,0,1,0,0.12317318018396595
2025-03-29 15:58:27.221934,thyroid-sick-euthyroid,GaussianNB,random_sampling,0,1,1,0.1321035120856785
2025-03-29 15:58:27.226707,thyroid-sick-euthyroid,GaussianNB,random_sampling,0,1,2,0.11989035871767373
2025-03-29 15:58:27.230848,thyroid-sick-euthyroid,GaussianNB,random_sampling,0,1,3,0.11811435967867834
2025-03-29 15:58:27.234939,thyroid-sick-euthyroid,GaussianNB,random_sampling,0,1,4,0.11811435967867834
2025-03-29 15:58:27.239068,thyroid-sick-euthyroid,GaussianNB,random_sampling,0,1,5,0.11811435967867834
2025-03-29 15:58:27.243138,thyroid-sick-euthyroid,GaussianNB,random_sampling,0,1,6,0.11811435967867834
2025-03-29 15:58:27.247154,thyroid-sick-euthyroid,GaussianNB,random_sampling,0,1,7,0.11811435967867834
2025-03-29 15:58:27.251190,thyroid-sick-euthyroid,GaussianNB,random_sampling,0,1,8,0.11811435967867834
2025-03-29 15:58:27.255145,thyroid-sick-euthyroid,GaussianNB,random_sampling,0,1,9,0.11811435967867834
2025-03-29 15:58:27.259112,thyroid-sick-euthyroid,GaussianNB,random_sampling,0,1,10,0.11811435967867834
2025-03-29 15:58:27.263129,thyroid-sick-euthyroid,GaussianNB,random_sampling,0,1,11,0.10731736384221191
2025-03-29 15:58:27.267223,thyroid-sick-euthyroid,GaussianNB,random_sampling,0,1,12,0.10731736384221191
2025-03-29 15:58:27.271206,thyroid-sick-euthyroid,GaussianNB,random_sampling,0,1,13,0.10731736384221191
2025-03-29 15:58:27.275247,thyroid-sick-euthyroid,GaussianNB,random_sampling,0,1,14,0.10731736384221191
2025-03-29 15:58:27.279261,thyroid-sick-euthyroid,GaussianNB,random_sampling,0,1,15,0.10731736384221191
2025-03-29 15:58:27.283372,thyroid-sick-euthyroid,GaussianNB,random_sampling,0,1,16,0.11079448536051861
2025-03-29 15:58:27.287440,thyroid-sick-euthyroid,GaussianNB,random_sampling,0,1,17,0.11614704893137784
2025-03-29 15:58:27.291460,thyroid-sick-euthyroid,GaussianNB,random_sampling,0,1,18,0.1143442290534511
2025-03-29 15:58:27.295664,thyroid-sick-euthyroid,GaussianNB,random_sampling,0,1,19,0.05649868206351205
2025-03-29 15:58:27.299752,thyroid-sick-euthyroid,GaussianNB,random_sampling,0,1,20,0.05649868206351205
2025-03-29 15:58:27.303798,thyroid-sick-euthyroid,GaussianNB,random_sampling,0,1,21,0.05649868206351205
2025-03-29 15:58:27.307935,thyroid-sick-euthyroid,GaussianNB,random_sampling,0,1,22,0.05649868206351205
2025-03-29 15:58:27.312035,thyroid-sick-euthyroid,GaussianNB,random_sampling,0,1,23,0.05649868206351205
2025-03-29 15:58:27.316103,thyroid-sick-euthyroid,GaussianNB,random_sampling,0,1,24,0.03989613029771211
2025-03-29 15:58:27.320159,thyroid-sick-euthyroid,GaussianNB,random_sampling,0,1,25,0.03989613029771211
2025-03-29 15:58:27.324243,thyroid-sick-euthyroid,GaussianNB,random_sampling,0,1,26,0.03989613029771211
2025-03-29 15:58:27.328330,thyroid-sick-euthyroid,GaussianNB,random_sampling,0,1,27,0.03989613029771211
2025-03-29 15:58:27.332350,thyroid-sick-euthyroid,GaussianNB,random_sampling,0,1,28,0.03989613029771211
2025-03-29 15:58:27.336382,thyroid-sick-euthyroid,GaussianNB,random_sampling,0,1,29,0.03989613029771211
2025-03-29 15:58:27.340462,thyroid-sick-euthyroid,GaussianNB,random_sampling,0,1,30,0.03989613029771211
2025-03-29 15:58:27.344504,thyroid-sick-euthyroid,GaussianNB,random_sampling,0,1,31,0.03989613029771211
2025-03-29 15:58:27.348646,thyroid-sick-euthyroid,GaussianNB,random_sampling,0,1,32,0.03989613029771211
2025-03-29 15:58:27.352742,thyroid-sick-euthyroid,GaussianNB,random_sampling,0,1,33,0.03989613029771211
2025-03-29 15:58:27.356828,thyroid-sick-euthyroid,GaussianNB,random_sampling,0,1,34,0.03989613029771211
2025-03-29 15:58:27.360880,thyroid-sick-euthyroid,GaussianNB,random_sampling,0,1,35,0.03989613029771211
2025-03-29 15:58:27.365038,thyroid-sick-euthyroid,GaussianNB,random_sampling,0,1,36,0.03989613029771211
2025-03-29 15:58:27.369106,thyroid-sick-euthyroid,GaussianNB,random_sampling,0,1,37,0.03989613029771211
2025-03-29 15:58:27.373141,thyroid-sick-euthyroid,GaussianNB,random_sampling,0,1,38,0.03989613029771211
2025-03-29 15:58:27.377277,thyroid-sick-euthyroid,GaussianNB,random_sampling,0,1,39,0.03989613029771211
2025-03-29 15:58:27.381377,thyroid-sick-euthyroid,GaussianNB,random_sampling,0,1,40,0.07374700693776493
2025-03-29 15:58:27.385416,thyroid-sick-euthyroid,GaussianNB,random_sampling,0,1,41,0.07374700693776493
2025-03-29 15:58:27.389551,thyroid-sick-euthyroid,GaussianNB,random_sampling,0,1,42,0.07374700693776493
2025-03-29 15:58:27.393730,thyroid-sick-euthyroid,GaussianNB,random_sampling,0,1,43,0.10558458430930007
2025-03-29 15:58:27.397809,thyroid-sick-euthyroid,GaussianNB,random_sampling,0,1,44,0.10558458430930007
2025-03-29 15:58:27.401764,thyroid-sick-euthyroid,GaussianNB,random_sampling,0,1,45,0.10558458430930007
2025-03-29 15:58:27.405760,thyroid-sick-euthyroid,GaussianNB,random_sampling,0,1,46,0.10558458430930007
2025-03-29 15:58:27.409736,thyroid-sick-euthyroid,GaussianNB,random_sampling,0,1,47,0.10558458430930007
2025-03-29 15:58:27.413720,thyroid-sick-euthyroid,GaussianNB,random_sampling,0,1,48,0.10558458430930007
2025-03-29 15:58:27.417817,thyroid-sick-euthyroid,GaussianNB,random_sampling,0,1,49,0.10558458430930007
2025-03-29 15:58:27.421860,thyroid-sick-euthyroid,GaussianNB,random_sampling,0,1,50,0.10558458430930007
2025-03-29 15:58:27.425820,thyroid-sick-euthyroid,GaussianNB,random_sampling,0,1,51,0.10558458430930007
2025-03-29 15:58:27.429914,thyroid-sick-euthyroid,GaussianNB,random_sampling,0,1,52,0.10558458430930007
2025-03-29 15:58:27.434022,thyroid-sick-euthyroid,GaussianNB,random_sampling,0,1,53,0.10558458430930007
2025-03-29 15:58:27.438035,thyroid-sick-euthyroid,GaussianNB,random_sampling,0,1,54,0.10558458430930007
2025-03-29 15:58:27.442067,thyroid-sick-euthyroid,GaussianNB,random_sampling,0,1,55,0.10558458430930007
2025-03-29 15:58:27.446308,thyroid-sick-euthyroid,GaussianNB,random_sampling,0,1,56,0.10558458430930007
2025-03-29 15:58:27.450456,thyroid-sick-euthyroid,GaussianNB,random_sampling,0,1,57,0.10558458430930007
2025-03-29 15:58:27.454561,thyroid-sick-euthyroid,GaussianNB,random_sampling,0,1,58,0.10558458430930007
2025-03-29 15:58:27.458737,thyroid-sick-euthyroid,GaussianNB,random_sampling,0,1,59,0.10558458430930007
2025-03-29 15:58:27.462936,thyroid-sick-euthyroid,GaussianNB,random_sampling,0,1,60,0.10558458430930007
2025-03-29 15:58:27.466962,thyroid-sick-euthyroid,GaussianNB,random_sampling,0,1,61,0.10558458430930007
2025-03-29 15:58:27.471006,thyroid-sick-euthyroid,GaussianNB,random_sampling,0,1,62,0.10558458430930007
2025-03-29 15:58:27.475140,thyroid-sick-euthyroid,GaussianNB,random_sampling,0,1,63,0.10558458430930007
2025-03-29 15:58:27.479272,thyroid-sick-euthyroid,GaussianNB,random_sampling,0,1,64,0.10558458430930007
2025-03-29 15:58:27.483399,thyroid-sick-euthyroid,GaussianNB,random_sampling,0,1,65,0.10558458430930007
2025-03-29 15:58:27.487491,thyroid-sick-euthyroid,GaussianNB,random_sampling,0,1,66,0.10558458430930007
2025-03-29 15:58:27.491460,thyroid-sick-euthyroid,GaussianNB,random_sampling,0,1,67,0.10558458430930007
2025-03-29 15:58:27.495457,thyroid-sick-euthyroid,GaussianNB,random_sampling,0,1,68,0.10558458430930007
2025-03-29 15:58:27.499465,thyroid-sick-euthyroid,GaussianNB,random_sampling,0,1,69,0.10558458430930007
2025-03-29 15:58:27.503415,thyroid-sick-euthyroid,GaussianNB,random_sampling,0,1,70,0.10558458430930007
2025-03-29 15:58:27.507423,thyroid-sick-euthyroid,GaussianNB,random_sampling,0,1,71,0.10558458430930007
2025-03-29 15:58:27.511512,thyroid-sick-euthyroid,GaussianNB,random_sampling,0,1,72,0.11225348434583293
2025-03-29 15:58:27.515749,thyroid-sick-euthyroid,GaussianNB,random_sampling,0,1,73,0.11396244021929314
2025-03-29 15:58:27.519730,thyroid-sick-euthyroid,GaussianNB,random_sampling,0,1,74,0.11396244021929314
2025-03-29 15:58:27.523713,thyroid-sick-euthyroid,GaussianNB,random_sampling,0,1,75,0.11396244021929314
2025-03-29 15:58:27.527799,thyroid-sick-euthyroid,GaussianNB,random_sampling,0,1,76,0.11396244021929314
2025-03-29 15:58:27.531851,thyroid-sick-euthyroid,GaussianNB,random_sampling,0,1,77,0.11140537489688696
2025-03-29 15:58:27.535966,thyroid-sick-euthyroid,GaussianNB,random_sampling,0,1,78,0.11140537489688696
2025-03-29 15:58:27.540083,thyroid-sick-euthyroid,GaussianNB,random_sampling,0,1,79,0.11140537489688696
2025-03-29 15:58:27.544261,thyroid-sick-euthyroid,GaussianNB,random_sampling,0,1,80,0.11140537489688696
2025-03-29 15:58:27.548376,thyroid-sick-euthyroid,GaussianNB,random_sampling,0,1,81,0.11140537489688696
2025-03-29 15:58:27.552478,thyroid-sick-euthyroid,GaussianNB,random_sampling,0,1,82,0.11140537489688696
2025-03-29 15:58:27.556633,thyroid-sick-euthyroid,GaussianNB,random_sampling,0,1,83,0.11140537489688696
2025-03-29 15:58:27.560757,thyroid-sick-euthyroid,GaussianNB,random_sampling,0,1,84,0.10972173554076048
2025-03-29 15:58:27.564966,thyroid-sick-euthyroid,GaussianNB,random_sampling,0,1,85,0.10972173554076048
2025-03-29 15:58:27.569169,thyroid-sick-euthyroid,GaussianNB,random_sampling,0,1,86,0.1105614690200758
2025-03-29 15:58:27.573313,thyroid-sick-euthyroid,GaussianNB,random_sampling,0,1,87,0.10972173554076048
2025-03-29 15:58:27.577591,thyroid-sick-euthyroid,GaussianNB,random_sampling,0,1,88,0.1105614690200758
2025-03-29 15:58:27.582303,thyroid-sick-euthyroid,GaussianNB,random_sampling,0,1,89,0.1105614690200758
2025-03-29 15:58:27.587049,thyroid-sick-euthyroid,GaussianNB,random_sampling,0,1,90,0.10972173554076048
2025-03-29 15:58:27.591791,thyroid-sick-euthyroid,GaussianNB,random_sampling,0,1,91,0.10972173554076048
2025-03-29 15:58:27.596477,thyroid-sick-euthyroid,GaussianNB,random_sampling,0,1,92,0.10972173554076048
2025-03-29 15:58:27.601142,thyroid-sick-euthyroid,GaussianNB,random_sampling,0,1,93,0.10972173554076048
2025-03-29 15:58:27.605790,thyroid-sick-euthyroid,GaussianNB,random_sampling,0,1,94,0.10972173554076048
2025-03-29 15:58:27.610438,thyroid-sick-euthyroid,GaussianNB,random_sampling,0,1,95,0.10972173554076048
2025-03-29 15:58:27.615151,thyroid-sick-euthyroid,GaussianNB,random_sampling,0,1,96,0.07718080752966838
2025-03-29 15:58:27.620013,thyroid-sick-euthyroid,GaussianNB,random_sampling,0,1,97,0.07718080752966838
2025-03-29 15:58:27.624663,thyroid-sick-euthyroid,GaussianNB,random_sampling,0,1,98,0.07718080752966838
2025-03-29 15:58:27.628939,thyroid-sick-euthyroid,GaussianNB,random_sampling,0,1,99,0.07718080752966838
2025-03-29 15:58:27.633032,thyroid-sick-euthyroid,GaussianNB,random_sampling,0,1,100,0.07718080752966838
2025-03-29 15:58:27.637823,thyroid-sick-euthyroid,GaussianNB,random_sampling,0,2,0,0.0
2025-03-29 15:58:27.642001,thyroid-sick-euthyroid,GaussianNB,random_sampling,0,2,1,0.0
2025-03-29 15:58:27.646027,thyroid-sick-euthyroid,GaussianNB,random_sampling,0,2,2,0.0
2025-03-29 15:58:27.650075,thyroid-sick-euthyroid,GaussianNB,random_sampling,0,2,3,0.0
2025-03-29 15:58:27.654201,thyroid-sick-euthyroid,GaussianNB,random_sampling,0,2,4,0.0
2025-03-29 15:58:27.658293,thyroid-sick-euthyroid,GaussianNB,random_sampling,0,2,5,0.0
2025-03-29 15:58:27.662351,thyroid-sick-euthyroid,GaussianNB,random_sampling,0,2,6,0.0
2025-03-29 15:58:27.666502,thyroid-sick-euthyroid,GaussianNB,random_sampling,0,2,7,0.0
2025-03-29 15:58:27.670643,thyroid-sick-euthyroid,GaussianNB,random_sampling,0,2,8,0.0
2025-03-29 15:58:27.674813,thyroid-sick-euthyroid,GaussianNB,random_sampling,0,2,9,0.0
2025-03-29 15:58:27.678905,thyroid-sick-euthyroid,GaussianNB,random_sampling,0,2,10,0.0
2025-03-29 15:58:27.682917,thyroid-sick-euthyroid,GaussianNB,random_sampling,0,2,11,0.0
2025-03-29 15:58:27.686898,thyroid-sick-euthyroid,GaussianNB,random_sampling,0,2,12,0.0
2025-03-29 15:58:27.690929,thyroid-sick-euthyroid,GaussianNB,random_sampling,0,2,13,0.0
2025-03-29 15:58:27.694915,thyroid-sick-euthyroid,GaussianNB,random_sampling,0,2,14,0.0
2025-03-29 15:58:27.698867,thyroid-sick-euthyroid,GaussianNB,random_sampling,0,2,15,0.0
2025-03-29 15:58:27.702922,thyroid-sick-euthyroid,GaussianNB,random_sampling,0,2,16,0.0
2025-03-29 15:58:27.706870,thyroid-sick-euthyroid,GaussianNB,random_sampling,0,2,17,0.0
2025-03-29 15:58:27.710747,thyroid-sick-euthyroid,GaussianNB,random_sampling,0,2,18,0.0
2025-03-29 15:58:27.714725,thyroid-sick-euthyroid,GaussianNB,random_sampling,0,2,19,0.0
2025-03-29 15:58:27.718714,thyroid-sick-euthyroid,GaussianNB,random_sampling,0,2,20,0.0
2025-03-29 15:58:27.722686,thyroid-sick-euthyroid,GaussianNB,random_sampling,0,2,21,0.0
2025-03-29 15:58:27.726711,thyroid-sick-euthyroid,GaussianNB,random_sampling,0,2,22,0.0
2025-03-29 15:58:27.730746,thyroid-sick-euthyroid,GaussianNB,random_sampling,0,2,23,0.0
2025-03-29 15:58:27.734684,thyroid-sick-euthyroid,GaussianNB,random_sampling,0,2,24,0.0
2025-03-29 15:58:27.738725,thyroid-sick-euthyroid,GaussianNB,random_sampling,0,2,25,0.0
2025-03-29 15:58:27.742840,thyroid-sick-euthyroid,GaussianNB,random_sampling,0,2,26,0.10319540179259612
2025-03-29 15:58:27.747008,thyroid-sick-euthyroid,GaussianNB,random_sampling,0,2,27,0.09343983127533906
2025-03-29 15:58:27.751118,thyroid-sick-euthyroid,GaussianNB,random_sampling,0,2,28,0.09343983127533906
2025-03-29 15:58:27.755394,thyroid-sick-euthyroid,GaussianNB,random_sampling,0,2,29,0.09343983127533906
2025-03-29 15:58:27.759483,thyroid-sick-euthyroid,GaussianNB,random_sampling,0,2,30,0.0897394477280069
2025-03-29 15:58:27.763731,thyroid-sick-euthyroid,GaussianNB,random_sampling,0,2,31,0.0897394477280069
2025-03-29 15:58:27.767901,thyroid-sick-euthyroid,GaussianNB,random_sampling,0,2,32,0.0897394477280069
2025-03-29 15:58:27.771964,thyroid-sick-euthyroid,GaussianNB,random_sampling,0,2,33,0.0897394477280069
2025-03-29 15:58:27.776115,thyroid-sick-euthyroid,GaussianNB,random_sampling,0,2,34,0.0897394477280069
2025-03-29 15:58:27.780288,thyroid-sick-euthyroid,GaussianNB,random_sampling,0,2,35,0.07568849751637152
2025-03-29 15:58:27.784451,thyroid-sick-euthyroid,GaussianNB,random_sampling,0,2,36,0.07568849751637152
2025-03-29 15:58:27.788517,thyroid-sick-euthyroid,GaussianNB,random_sampling,0,2,37,0.07970444403884513
2025-03-29 15:58:27.792641,thyroid-sick-euthyroid,GaussianNB,random_sampling,0,2,38,0.07970444403884513
2025-03-29 15:58:27.796561,thyroid-sick-euthyroid,GaussianNB,random_sampling,0,2,39,0.07970444403884513
2025-03-29 15:58:27.800495,thyroid-sick-euthyroid,GaussianNB,random_sampling,0,2,40,0.07970444403884513
2025-03-29 15:58:27.804542,thyroid-sick-euthyroid,GaussianNB,random_sampling,0,2,41,0.07970444403884513
2025-03-29 15:58:27.808593,thyroid-sick-euthyroid,GaussianNB,random_sampling,0,2,42,0.07970444403884513
2025-03-29 15:58:27.812623,thyroid-sick-euthyroid,GaussianNB,random_sampling,0,2,43,0.07970444403884513
2025-03-29 15:58:27.816664,thyroid-sick-euthyroid,GaussianNB,random_sampling,0,2,44,0.07970444403884513
2025-03-29 15:58:27.820726,thyroid-sick-euthyroid,GaussianNB,random_sampling,0,2,45,0.07469080093045732
2025-03-29 15:58:27.824759,thyroid-sick-euthyroid,GaussianNB,random_sampling,0,2,46,0.07469080093045732
2025-03-29 15:58:27.828741,thyroid-sick-euthyroid,GaussianNB,random_sampling,0,2,47,0.10932553274211776
2025-03-29 15:58:27.832737,thyroid-sick-euthyroid,GaussianNB,random_sampling,0,2,48,0.10932553274211776
2025-03-29 15:58:27.836786,thyroid-sick-euthyroid,GaussianNB,random_sampling,0,2,49,0.10932553274211776
2025-03-29 15:58:27.840929,thyroid-sick-euthyroid,GaussianNB,random_sampling,0,2,50,0.10932553274211776
2025-03-29 15:58:27.844998,thyroid-sick-euthyroid,GaussianNB,random_sampling,0,2,51,0.10932553274211776
2025-03-29 15:58:27.849176,thyroid-sick-euthyroid,GaussianNB,random_sampling,0,2,52,0.10932553274211776
2025-03-29 15:58:27.853338,thyroid-sick-euthyroid,GaussianNB,random_sampling,0,2,53,0.10932553274211776
2025-03-29 15:58:27.857554,thyroid-sick-euthyroid,GaussianNB,random_sampling,0,2,54,0.10932553274211776
2025-03-29 15:58:27.861572,thyroid-sick-euthyroid,GaussianNB,random_sampling,0,2,55,0.10932553274211776
2025-03-29 15:58:27.865701,thyroid-sick-euthyroid,GaussianNB,random_sampling,0,2,56,0.10932553274211776
2025-03-29 15:58:27.869716,thyroid-sick-euthyroid,GaussianNB,random_sampling,0,2,57,0.10932553274211776
2025-03-29 15:58:27.873767,thyroid-sick-euthyroid,GaussianNB,random_sampling,0,2,58,0.10932553274211776
2025-03-29 15:58:27.877914,thyroid-sick-euthyroid,GaussianNB,random_sampling,0,2,59,0.10932553274211776
2025-03-29 15:58:27.881896,thyroid-sick-euthyroid,GaussianNB,random_sampling,0,2,60,0.10932553274211776
2025-03-29 15:58:27.885923,thyroid-sick-euthyroid,GaussianNB,random_sampling,0,2,61,0.10932553274211776
2025-03-29 15:58:27.890113,thyroid-sick-euthyroid,GaussianNB,random_sampling,0,2,62,0.10932553274211776
2025-03-29 15:58:27.894148,thyroid-sick-euthyroid,GaussianNB,random_sampling,0,2,63,0.10932553274211776
2025-03-29 15:58:27.898219,thyroid-sick-euthyroid,GaussianNB,random_sampling,0,2,64,0.10666753897341974
2025-03-29 15:58:27.902256,thyroid-sick-euthyroid,GaussianNB,random_sampling,0,2,65,0.10666753897341974
2025-03-29 15:58:27.906418,thyroid-sick-euthyroid,GaussianNB,random_sampling,0,2,66,0.10666753897341974
2025-03-29 15:58:27.910558,thyroid-sick-euthyroid,GaussianNB,random_sampling,0,2,67,0.10666753897341974
2025-03-29 15:58:27.914604,thyroid-sick-euthyroid,GaussianNB,random_sampling,0,2,68,0.10747762053991772
2025-03-29 15:58:27.918664,thyroid-sick-euthyroid,GaussianNB,random_sampling,0,2,69,0.10747762053991772
2025-03-29 15:58:27.922682,thyroid-sick-euthyroid,GaussianNB,random_sampling,0,2,70,0.10666753897341974
2025-03-29 15:58:27.926835,thyroid-sick-euthyroid,GaussianNB,random_sampling,0,2,71,0.10586134718214313
2025-03-29 15:58:27.930880,thyroid-sick-euthyroid,GaussianNB,random_sampling,0,2,72,0.10586134718214313
2025-03-29 15:58:27.934862,thyroid-sick-euthyroid,GaussianNB,random_sampling,0,2,73,0.10586134718214313
2025-03-29 15:58:27.939084,thyroid-sick-euthyroid,GaussianNB,random_sampling,0,2,74,0.10586134718214313
2025-03-29 15:58:27.943261,thyroid-sick-euthyroid,GaussianNB,random_sampling,0,2,75,0.10586134718214313
2025-03-29 15:58:27.947322,thyroid-sick-euthyroid,GaussianNB,random_sampling,0,2,76,0.10910956615061629
2025-03-29 15:58:27.951287,thyroid-sick-euthyroid,GaussianNB,random_sampling,0,2,77,0.10910956615061629
2025-03-29 15:58:27.955229,thyroid-sick-euthyroid,GaussianNB,random_sampling,0,2,78,0.10910956615061629
2025-03-29 15:58:27.959288,thyroid-sick-euthyroid,GaussianNB,random_sampling,0,2,79,0.11242139485804725
2025-03-29 15:58:27.963336,thyroid-sick-euthyroid,GaussianNB,random_sampling,0,2,80,0.11242139485804725
2025-03-29 15:58:27.967461,thyroid-sick-euthyroid,GaussianNB,random_sampling,0,2,81,0.11242139485804725
2025-03-29 15:58:27.971629,thyroid-sick-euthyroid,GaussianNB,random_sampling,0,2,82,0.11242139485804725
2025-03-29 15:58:27.975741,thyroid-sick-euthyroid,GaussianNB,random_sampling,0,2,83,0.11242139485804725
2025-03-29 15:58:27.979895,thyroid-sick-euthyroid,GaussianNB,random_sampling,0,2,84,0.11242139485804725
2025-03-29 15:58:27.984488,thyroid-sick-euthyroid,GaussianNB,random_sampling,0,2,85,0.11242139485804725
2025-03-29 15:58:27.989414,thyroid-sick-euthyroid,GaussianNB,random_sampling,0,2,86,0.11242139485804725
2025-03-29 15:58:27.994106,thyroid-sick-euthyroid,GaussianNB,random_sampling,0,2,87,0.1115873723340699
2025-03-29 15:58:27.998846,thyroid-sick-euthyroid,GaussianNB,random_sampling,0,2,88,0.1115873723340699
2025-03-29 15:58:28.003525,thyroid-sick-euthyroid,GaussianNB,random_sampling,0,2,89,0.1115873723340699
2025-03-29 15:58:28.008338,thyroid-sick-euthyroid,GaussianNB,random_sampling,0,2,90,0.1115873723340699
2025-03-29 15:58:28.013005,thyroid-sick-euthyroid,GaussianNB,random_sampling,0,2,91,0.1115873723340699
2025-03-29 15:58:28.017642,thyroid-sick-euthyroid,GaussianNB,random_sampling,0,2,92,0.1115873723340699
2025-03-29 15:58:28.022312,thyroid-sick-euthyroid,GaussianNB,random_sampling,0,2,93,0.1115873723340699
2025-03-29 15:58:28.026831,thyroid-sick-euthyroid,GaussianNB,random_sampling,0,2,94,0.1115873723340699
2025-03-29 15:58:28.030768,thyroid-sick-euthyroid,GaussianNB,random_sampling,0,2,95,0.1115873723340699
2025-03-29 15:58:28.034753,thyroid-sick-euthyroid,GaussianNB,random_sampling,0,2,96,0.1107574130746346
2025-03-29 15:58:28.038787,thyroid-sick-euthyroid,GaussianNB,random_sampling,0,2,97,0.1107574130746346
2025-03-29 15:58:28.042730,thyroid-sick-euthyroid,GaussianNB,random_sampling,0,2,98,0.10747762053991772
2025-03-29 15:58:28.046653,thyroid-sick-euthyroid,GaussianNB,random_sampling,0,2,99,0.10747762053991772
2025-03-29 15:58:28.050622,thyroid-sick-euthyroid,GaussianNB,random_sampling,0,2,100,0.10747762053991772
2025-03-29 15:58:28.055255,thyroid-sick-euthyroid,GaussianNB,random_sampling,0,3,0,0.0
2025-03-29 15:58:28.059119,thyroid-sick-euthyroid,GaussianNB,random_sampling,0,3,1,0.0
2025-03-29 15:58:28.063031,thyroid-sick-euthyroid,GaussianNB,random_sampling,0,3,2,0.0
2025-03-29 15:58:28.067027,thyroid-sick-euthyroid,GaussianNB,random_sampling,0,3,3,0.0
2025-03-29 15:58:28.070956,thyroid-sick-euthyroid,GaussianNB,random_sampling,0,3,4,0.0
2025-03-29 15:58:28.074942,thyroid-sick-euthyroid,GaussianNB,random_sampling,0,3,5,0.0
2025-03-29 15:58:28.078897,thyroid-sick-euthyroid,GaussianNB,random_sampling,0,3,6,0.0
2025-03-29 15:58:28.082870,thyroid-sick-euthyroid,GaussianNB,random_sampling,0,3,7,0.0
2025-03-29 15:58:28.086872,thyroid-sick-euthyroid,GaussianNB,random_sampling,0,3,8,0.0
2025-03-29 15:58:28.090917,thyroid-sick-euthyroid,GaussianNB,random_sampling,0,3,9,0.0
2025-03-29 15:58:28.094880,thyroid-sick-euthyroid,GaussianNB,random_sampling,0,3,10,0.0
2025-03-29 15:58:28.098813,thyroid-sick-euthyroid,GaussianNB,random_sampling,0,3,11,0.0
2025-03-29 15:58:28.102817,thyroid-sick-euthyroid,GaussianNB,random_sampling,0,3,12,0.0
2025-03-29 15:58:28.106832,thyroid-sick-euthyroid,GaussianNB,random_sampling,0,3,13,0.0
2025-03-29 15:58:28.110766,thyroid-sick-euthyroid,GaussianNB,random_sampling,0,3,14,0.0
2025-03-29 15:58:28.114738,thyroid-sick-euthyroid,GaussianNB,random_sampling,0,3,15,0.0
2025-03-29 15:58:28.118797,thyroid-sick-euthyroid,GaussianNB,random_sampling,0,3,16,0.0
2025-03-29 15:58:28.122776,thyroid-sick-euthyroid,GaussianNB,random_sampling,0,3,17,0.0
2025-03-29 15:58:28.126698,thyroid-sick-euthyroid,GaussianNB,random_sampling,0,3,18,0.0
2025-03-29 15:58:28.130650,thyroid-sick-euthyroid,GaussianNB,random_sampling,0,3,19,0.0
2025-03-29 15:58:28.134647,thyroid-sick-euthyroid,GaussianNB,random_sampling,0,3,20,0.0
2025-03-29 15:58:28.138578,thyroid-sick-euthyroid,GaussianNB,random_sampling,0,3,21,0.2451334180432021
2025-03-29 15:58:28.142505,thyroid-sick-euthyroid,GaussianNB,random_sampling,0,3,22,0.2405566600397614
2025-03-29 15:58:28.146423,thyroid-sick-euthyroid,GaussianNB,random_sampling,0,3,23,0.24207230862452034
2025-03-29 15:58:28.150405,thyroid-sick-euthyroid,GaussianNB,random_sampling,0,3,24,0.138289129622712
2025-03-29 15:58:28.154356,thyroid-sick-euthyroid,GaussianNB,random_sampling,0,3,25,0.138289129622712
2025-03-29 15:58:28.158343,thyroid-sick-euthyroid,GaussianNB,random_sampling,0,3,26,0.1282927966430959
2025-03-29 15:58:28.162300,thyroid-sick-euthyroid,GaussianNB,random_sampling,0,3,27,0.1282927966430959
2025-03-29 15:58:28.166229,thyroid-sick-euthyroid,GaussianNB,random_sampling,0,3,28,0.1282927966430959
2025-03-29 15:58:28.170246,thyroid-sick-euthyroid,GaussianNB,random_sampling,0,3,29,0.1282927966430959
2025-03-29 15:58:28.174241,thyroid-sick-euthyroid,GaussianNB,random_sampling,0,3,30,0.1282927966430959
2025-03-29 15:58:28.178119,thyroid-sick-euthyroid,GaussianNB,random_sampling,0,3,31,0.1282927966430959
2025-03-29 15:58:28.182191,thyroid-sick-euthyroid,GaussianNB,random_sampling,0,3,32,0.1282927966430959
2025-03-29 15:58:28.186247,thyroid-sick-euthyroid,GaussianNB,random_sampling,0,3,33,0.1282927966430959
2025-03-29 15:58:28.190279,thyroid-sick-euthyroid,GaussianNB,random_sampling,0,3,34,0.1282927966430959
2025-03-29 15:58:28.194303,thyroid-sick-euthyroid,GaussianNB,random_sampling,0,3,35,0.1282927966430959
2025-03-29 15:58:28.198317,thyroid-sick-euthyroid,GaussianNB,random_sampling,0,3,36,0.1282927966430959
2025-03-29 15:58:28.202345,thyroid-sick-euthyroid,GaussianNB,random_sampling,0,3,37,0.1282927966430959
2025-03-29 15:58:28.206422,thyroid-sick-euthyroid,GaussianNB,random_sampling,0,3,38,0.1282927966430959
2025-03-29 15:58:28.210431,thyroid-sick-euthyroid,GaussianNB,random_sampling,0,3,39,0.1282927966430959
2025-03-29 15:58:28.214474,thyroid-sick-euthyroid,GaussianNB,random_sampling,0,3,40,0.1282927966430959
2025-03-29 15:58:28.218524,thyroid-sick-euthyroid,GaussianNB,random_sampling,0,3,41,0.1282927966430959
2025-03-29 15:58:28.222645,thyroid-sick-euthyroid,GaussianNB,random_sampling,0,3,42,0.1282927966430959
2025-03-29 15:58:28.226676,thyroid-sick-euthyroid,GaussianNB,random_sampling,0,3,43,0.1282927966430959
2025-03-29 15:58:28.230658,thyroid-sick-euthyroid,GaussianNB,random_sampling,0,3,44,0.1282927966430959
2025-03-29 15:58:28.234618,thyroid-sick-euthyroid,GaussianNB,random_sampling,0,3,45,0.12917989366467375
2025-03-29 15:58:28.238540,thyroid-sick-euthyroid,GaussianNB,random_sampling,0,3,46,0.12917989366467375
2025-03-29 15:58:28.242534,thyroid-sick-euthyroid,GaussianNB,random_sampling,0,3,47,0.12917989366467375
2025-03-29 15:58:28.246557,thyroid-sick-euthyroid,GaussianNB,random_sampling,0,3,48,0.1282927966430959
2025-03-29 15:58:28.250553,thyroid-sick-euthyroid,GaussianNB,random_sampling,0,3,49,0.1282927966430959
2025-03-29 15:58:28.254509,thyroid-sick-euthyroid,GaussianNB,random_sampling,0,3,50,0.1282927966430959
2025-03-29 15:58:28.258507,thyroid-sick-euthyroid,GaussianNB,random_sampling,0,3,51,0.1282927966430959
2025-03-29 15:58:28.262441,thyroid-sick-euthyroid,GaussianNB,random_sampling,0,3,52,0.1282927966430959
2025-03-29 15:58:28.266443,thyroid-sick-euthyroid,GaussianNB,random_sampling,0,3,53,0.1282927966430959
2025-03-29 15:58:28.270410,thyroid-sick-euthyroid,GaussianNB,random_sampling,0,3,54,0.1282927966430959
2025-03-29 15:58:28.274384,thyroid-sick-euthyroid,GaussianNB,random_sampling,0,3,55,0.1282927966430959
2025-03-29 15:58:28.278290,thyroid-sick-euthyroid,GaussianNB,random_sampling,0,3,56,0.1282927966430959
2025-03-29 15:58:28.282244,thyroid-sick-euthyroid,GaussianNB,random_sampling,0,3,57,0.1282927966430959
2025-03-29 15:58:28.286204,thyroid-sick-euthyroid,GaussianNB,random_sampling,0,3,58,0.1282927966430959
2025-03-29 15:58:28.290143,thyroid-sick-euthyroid,GaussianNB,random_sampling,0,3,59,0.1282927966430959
2025-03-29 15:58:28.294054,thyroid-sick-euthyroid,GaussianNB,random_sampling,0,3,60,0.1282927966430959
2025-03-29 15:58:28.297923,thyroid-sick-euthyroid,GaussianNB,random_sampling,0,3,61,0.1282927966430959
2025-03-29 15:58:28.301835,thyroid-sick-euthyroid,GaussianNB,random_sampling,0,3,62,0.1282927966430959
2025-03-29 15:58:28.305793,thyroid-sick-euthyroid,GaussianNB,random_sampling,0,3,63,0.1282927966430959
2025-03-29 15:58:28.309637,thyroid-sick-euthyroid,GaussianNB,random_sampling,0,3,64,0.1282927966430959
2025-03-29 15:58:28.313539,thyroid-sick-euthyroid,GaussianNB,random_sampling,0,3,65,0.1282927966430959
2025-03-29 15:58:28.317458,thyroid-sick-euthyroid,GaussianNB,random_sampling,0,3,66,0.10984276613764399
2025-03-29 15:58:28.321324,thyroid-sick-euthyroid,GaussianNB,random_sampling,0,3,67,0.10984276613764399
2025-03-29 15:58:28.325216,thyroid-sick-euthyroid,GaussianNB,random_sampling,0,3,68,0.10984276613764399
2025-03-29 15:58:28.329110,thyroid-sick-euthyroid,GaussianNB,random_sampling,0,3,69,0.10984276613764399
2025-03-29 15:58:28.333044,thyroid-sick-euthyroid,GaussianNB,random_sampling,0,3,70,0.10984276613764399
2025-03-29 15:58:28.336955,thyroid-sick-euthyroid,GaussianNB,random_sampling,0,3,71,0.10984276613764399
2025-03-29 15:58:28.340893,thyroid-sick-euthyroid,GaussianNB,random_sampling,0,3,72,0.10984276613764399
2025-03-29 15:58:28.344780,thyroid-sick-euthyroid,GaussianNB,random_sampling,0,3,73,0.10984276613764399
2025-03-29 15:58:28.348687,thyroid-sick-euthyroid,GaussianNB,random_sampling,0,3,74,0.10984276613764399
2025-03-29 15:58:28.352675,thyroid-sick-euthyroid,GaussianNB,random_sampling,0,3,75,0.10984276613764399
2025-03-29 15:58:28.356662,thyroid-sick-euthyroid,GaussianNB,random_sampling,0,3,76,0.10984276613764399
2025-03-29 15:58:28.360577,thyroid-sick-euthyroid,GaussianNB,random_sampling,0,3,77,0.10984276613764399
2025-03-29 15:58:28.364532,thyroid-sick-euthyroid,GaussianNB,random_sampling,0,3,78,0.11143998816042622
2025-03-29 15:58:28.368442,thyroid-sick-euthyroid,GaussianNB,random_sampling,0,3,79,0.11143998816042622
2025-03-29 15:58:28.372288,thyroid-sick-euthyroid,GaussianNB,random_sampling,0,3,80,0.11143998816042622
2025-03-29 15:58:28.376205,thyroid-sick-euthyroid,GaussianNB,random_sampling,0,3,81,0.11143998816042622
2025-03-29 15:58:28.380220,thyroid-sick-euthyroid,GaussianNB,random_sampling,0,3,82,0.11143998816042622
2025-03-29 15:58:28.384109,thyroid-sick-euthyroid,GaussianNB,random_sampling,0,3,83,0.11143998816042622
2025-03-29 15:58:28.388057,thyroid-sick-euthyroid,GaussianNB,random_sampling,0,3,84,0.11143998816042622
2025-03-29 15:58:28.391935,thyroid-sick-euthyroid,GaussianNB,random_sampling,0,3,85,0.11143998816042622
2025-03-29 15:58:28.395835,thyroid-sick-euthyroid,GaussianNB,random_sampling,0,3,86,0.11143998816042622
2025-03-29 15:58:28.399804,thyroid-sick-euthyroid,GaussianNB,random_sampling,0,3,87,0.11143998816042622
2025-03-29 15:58:28.403727,thyroid-sick-euthyroid,GaussianNB,random_sampling,0,3,88,0.11143998816042622
2025-03-29 15:58:28.407689,thyroid-sick-euthyroid,GaussianNB,random_sampling,0,3,89,0.11143998816042622
2025-03-29 15:58:28.411567,thyroid-sick-euthyroid,GaussianNB,random_sampling,0,3,90,0.11143998816042622
2025-03-29 15:58:28.415453,thyroid-sick-euthyroid,GaussianNB,random_sampling,0,3,91,0.11143998816042622
2025-03-29 15:58:28.419408,thyroid-sick-euthyroid,GaussianNB,random_sampling,0,3,92,0.11143998816042622
2025-03-29 15:58:28.423375,thyroid-sick-euthyroid,GaussianNB,random_sampling,0,3,93,0.11143998816042622
2025-03-29 15:58:28.427266,thyroid-sick-euthyroid,GaussianNB,random_sampling,0,3,94,0.11143998816042622
2025-03-29 15:58:28.431123,thyroid-sick-euthyroid,GaussianNB,random_sampling,0,3,95,0.11143998816042622
2025-03-29 15:58:28.435104,thyroid-sick-euthyroid,GaussianNB,random_sampling,0,3,96,0.11143998816042622
2025-03-29 15:58:28.439070,thyroid-sick-euthyroid,GaussianNB,random_sampling,0,3,97,0.11143998816042622
2025-03-29 15:58:28.442918,thyroid-sick-euthyroid,GaussianNB,random_sampling,0,3,98,0.11143998816042622
2025-03-29 15:58:28.446822,thyroid-sick-euthyroid,GaussianNB,random_sampling,0,3,99,0.11143998816042622
2025-03-29 15:58:28.450745,thyroid-sick-euthyroid,GaussianNB,random_sampling,0,3,100,0.11143998816042622
2025-03-29 15:58:28.455233,thyroid-sick-euthyroid,GaussianNB,random_sampling,0,4,0,0.10162796265262153
2025-03-29 15:58:28.459011,thyroid-sick-euthyroid,GaussianNB,random_sampling,0,4,1,0.37647987371744285
2025-03-29 15:58:28.462851,thyroid-sick-euthyroid,GaussianNB,random_sampling,0,4,2,0.37647987371744285
2025-03-29 15:58:28.466677,thyroid-sick-euthyroid,GaussianNB,random_sampling,0,4,3,0.28524036431630384
2025-03-29 15:58:28.470633,thyroid-sick-euthyroid,GaussianNB,random_sampling,0,4,4,0.26430864447465074
2025-03-29 15:58:28.474663,thyroid-sick-euthyroid,GaussianNB,random_sampling,0,4,5,0.26614026939154667
2025-03-29 15:58:28.478518,thyroid-sick-euthyroid,GaussianNB,random_sampling,0,4,6,0.2679856639179464
2025-03-29 15:58:28.482471,thyroid-sick-euthyroid,GaussianNB,random_sampling,0,4,7,0.26615980830103836
2025-03-29 15:58:28.486439,thyroid-sick-euthyroid,GaussianNB,random_sampling,0,4,8,0.26615980830103836
2025-03-29 15:58:28.490945,thyroid-sick-euthyroid,GaussianNB,random_sampling,0,4,9,0.26615980830103836
2025-03-29 15:58:28.495483,thyroid-sick-euthyroid,GaussianNB,random_sampling,0,4,10,0.23910751431909494
2025-03-29 15:58:28.500107,thyroid-sick-euthyroid,GaussianNB,random_sampling,0,4,11,0.23910751431909494
2025-03-29 15:58:28.504716,thyroid-sick-euthyroid,GaussianNB,random_sampling,0,4,12,0.09560477001703571
2025-03-29 15:58:28.509334,thyroid-sick-euthyroid,GaussianNB,random_sampling,0,4,13,0.09560477001703571
2025-03-29 15:58:28.513874,thyroid-sick-euthyroid,GaussianNB,random_sampling,0,4,14,0.09560477001703571
2025-03-29 15:58:28.518409,thyroid-sick-euthyroid,GaussianNB,random_sampling,0,4,15,0.09560477001703571
2025-03-29 15:58:28.522967,thyroid-sick-euthyroid,GaussianNB,random_sampling,0,4,16,0.09560477001703571
2025-03-29 15:58:28.527956,thyroid-sick-euthyroid,GaussianNB,random_sampling,0,4,17,0.09560477001703571
2025-03-29 15:58:28.532516,thyroid-sick-euthyroid,GaussianNB,random_sampling,0,4,18,0.09560477001703571
2025-03-29 15:58:28.536959,thyroid-sick-euthyroid,GaussianNB,random_sampling,0,4,19,0.09560477001703571
2025-03-29 15:58:28.540941,thyroid-sick-euthyroid,GaussianNB,random_sampling,0,4,20,0.09701926696553842
2025-03-29 15:58:28.544789,thyroid-sick-euthyroid,GaussianNB,random_sampling,0,4,21,0.08537973117836228
2025-03-29 15:58:28.548637,thyroid-sick-euthyroid,GaussianNB,random_sampling,0,4,22,0.08537973117836228
2025-03-29 15:58:28.552564,thyroid-sick-euthyroid,GaussianNB,random_sampling,0,4,23,0.08537973117836228
2025-03-29 15:58:28.556479,thyroid-sick-euthyroid,GaussianNB,random_sampling,0,4,24,0.08537973117836228
2025-03-29 15:58:28.560408,thyroid-sick-euthyroid,GaussianNB,random_sampling,0,4,25,0.08537973117836228
2025-03-29 15:58:28.564277,thyroid-sick-euthyroid,GaussianNB,random_sampling,0,4,26,0.08537973117836228
2025-03-29 15:58:28.568147,thyroid-sick-euthyroid,GaussianNB,random_sampling,0,4,27,0.08537973117836228
2025-03-29 15:58:28.572049,thyroid-sick-euthyroid,GaussianNB,random_sampling,0,4,28,0.08737219492763248
2025-03-29 15:58:28.575931,thyroid-sick-euthyroid,GaussianNB,random_sampling,0,4,29,0.08737219492763248
2025-03-29 15:58:28.579781,thyroid-sick-euthyroid,GaussianNB,random_sampling,0,4,30,0.08737219492763248
2025-03-29 15:58:28.583694,thyroid-sick-euthyroid,GaussianNB,random_sampling,0,4,31,0.08737219492763248
2025-03-29 15:58:28.587701,thyroid-sick-euthyroid,GaussianNB,random_sampling,0,4,32,0.08737219492763248
2025-03-29 15:58:28.591632,thyroid-sick-euthyroid,GaussianNB,random_sampling,0,4,33,0.08737219492763248
2025-03-29 15:58:28.595452,thyroid-sick-euthyroid,GaussianNB,random_sampling,0,4,34,0.08737219492763248
2025-03-29 15:58:28.599351,thyroid-sick-euthyroid,GaussianNB,random_sampling,0,4,35,0.08737219492763248
2025-03-29 15:58:28.603215,thyroid-sick-euthyroid,GaussianNB,random_sampling,0,4,36,0.08737219492763248
2025-03-29 15:58:28.607064,thyroid-sick-euthyroid,GaussianNB,random_sampling,0,4,37,0.08737219492763248
2025-03-29 15:58:28.610947,thyroid-sick-euthyroid,GaussianNB,random_sampling,0,4,38,0.08737219492763248
2025-03-29 15:58:28.614778,thyroid-sick-euthyroid,GaussianNB,random_sampling,0,4,39,0.08737219492763248
2025-03-29 15:58:28.618676,thyroid-sick-euthyroid,GaussianNB,random_sampling,0,4,40,0.08737219492763248
2025-03-29 15:58:28.622559,thyroid-sick-euthyroid,GaussianNB,random_sampling,0,4,41,0.08737219492763248
2025-03-29 15:58:28.626404,thyroid-sick-euthyroid,GaussianNB,random_sampling,0,4,42,0.08737219492763248
2025-03-29 15:58:28.630211,thyroid-sick-euthyroid,GaussianNB,random_sampling,0,4,43,0.08737219492763248
2025-03-29 15:58:28.634085,thyroid-sick-euthyroid,GaussianNB,random_sampling,0,4,44,0.08737219492763248
2025-03-29 15:58:28.637969,thyroid-sick-euthyroid,GaussianNB,random_sampling,0,4,45,0.08737219492763248
2025-03-29 15:58:28.642369,thyroid-sick-euthyroid,GaussianNB,random_sampling,0,4,46,0.08737219492763248
2025-03-29 15:58:28.646837,thyroid-sick-euthyroid,GaussianNB,random_sampling,0,4,47,0.08871478579763292
2025-03-29 15:58:28.651381,thyroid-sick-euthyroid,GaussianNB,random_sampling,0,4,48,0.09006897475390085
2025-03-29 15:58:28.655820,thyroid-sick-euthyroid,GaussianNB,random_sampling,0,4,49,0.09006897475390085
2025-03-29 15:58:28.660470,thyroid-sick-euthyroid,GaussianNB,random_sampling,0,4,50,0.09143491273497673
2025-03-29 15:58:28.665011,thyroid-sick-euthyroid,GaussianNB,random_sampling,0,4,51,0.09143491273497673
2025-03-29 15:58:28.669540,thyroid-sick-euthyroid,GaussianNB,random_sampling,0,4,52,0.09281275330991634
2025-03-29 15:58:28.674085,thyroid-sick-euthyroid,GaussianNB,random_sampling,0,4,53,0.09281275330991634
2025-03-29 15:58:28.678596,thyroid-sick-euthyroid,GaussianNB,random_sampling,0,4,54,0.09281275330991634
2025-03-29 15:58:28.683153,thyroid-sick-euthyroid,GaussianNB,random_sampling,0,4,55,0.09420265273584572
2025-03-29 15:58:28.687650,thyroid-sick-euthyroid,GaussianNB,random_sampling,0,4,56,0.09420265273584572
2025-03-29 15:58:28.692056,thyroid-sick-euthyroid,GaussianNB,random_sampling,0,4,57,0.09420265273584572
2025-03-29 15:58:28.695879,thyroid-sick-euthyroid,GaussianNB,random_sampling,0,4,58,0.09420265273584572
2025-03-29 15:58:28.699678,thyroid-sick-euthyroid,GaussianNB,random_sampling,0,4,59,0.09420265273584572
2025-03-29 15:58:28.703567,thyroid-sick-euthyroid,GaussianNB,random_sampling,0,4,60,0.09091529938023934
2025-03-29 15:58:28.707489,thyroid-sick-euthyroid,GaussianNB,random_sampling,0,4,61,0.09091529938023934
2025-03-29 15:58:28.711360,thyroid-sick-euthyroid,GaussianNB,random_sampling,0,4,62,0.09091529938023934
2025-03-29 15:58:28.715219,thyroid-sick-euthyroid,GaussianNB,random_sampling,0,4,63,0.09091529938023934
2025-03-29 15:58:28.719091,thyroid-sick-euthyroid,GaussianNB,random_sampling,0,4,64,0.09091529938023934
2025-03-29 15:58:28.722907,thyroid-sick-euthyroid,GaussianNB,random_sampling,0,4,65,0.09091529938023934
2025-03-29 15:58:28.726767,thyroid-sick-euthyroid,GaussianNB,random_sampling,0,4,66,0.09091529938023934
2025-03-29 15:58:28.730699,thyroid-sick-euthyroid,GaussianNB,random_sampling,0,4,67,0.04714604987761184
2025-03-29 15:58:28.734552,thyroid-sick-euthyroid,GaussianNB,random_sampling,0,4,68,0.04714604987761184
2025-03-29 15:58:28.738405,thyroid-sick-euthyroid,GaussianNB,random_sampling,0,4,69,0.04714604987761184
2025-03-29 15:58:28.742331,thyroid-sick-euthyroid,GaussianNB,random_sampling,0,4,70,0.04714604987761184
2025-03-29 15:58:28.746221,thyroid-sick-euthyroid,GaussianNB,random_sampling,0,4,71,0.04714604987761184
2025-03-29 15:58:28.750050,thyroid-sick-euthyroid,GaussianNB,random_sampling,0,4,72,0.04714604987761184
2025-03-29 15:58:28.753974,thyroid-sick-euthyroid,GaussianNB,random_sampling,0,4,73,0.04714604987761184
2025-03-29 15:58:28.757923,thyroid-sick-euthyroid,GaussianNB,random_sampling,0,4,74,0.04714604987761184
2025-03-29 15:58:28.761806,thyroid-sick-euthyroid,GaussianNB,random_sampling,0,4,75,0.0396011726319625
2025-03-29 15:58:28.765705,thyroid-sick-euthyroid,GaussianNB,random_sampling,0,4,76,0.0396011726319625
2025-03-29 15:58:28.769622,thyroid-sick-euthyroid,GaussianNB,random_sampling,0,4,77,0.0396011726319625
2025-03-29 15:58:28.773487,thyroid-sick-euthyroid,GaussianNB,random_sampling,0,4,78,0.0396011726319625
2025-03-29 15:58:28.777363,thyroid-sick-euthyroid,GaussianNB,random_sampling,0,4,79,0.0396011726319625
2025-03-29 15:58:28.781202,thyroid-sick-euthyroid,GaussianNB,random_sampling,0,4,80,0.04016730845837202
2025-03-29 15:58:28.785050,thyroid-sick-euthyroid,GaussianNB,random_sampling,0,4,81,0.04303474657315909
2025-03-29 15:58:28.789081,thyroid-sick-euthyroid,GaussianNB,random_sampling,0,4,82,0.04303474657315909
2025-03-29 15:58:28.792979,thyroid-sick-euthyroid,GaussianNB,random_sampling,0,4,83,0.04303474657315909
2025-03-29 15:58:28.796860,thyroid-sick-euthyroid,GaussianNB,random_sampling,0,4,84,0.04303474657315909
2025-03-29 15:58:28.800819,thyroid-sick-euthyroid,GaussianNB,random_sampling,0,4,85,0.04303474657315909
2025-03-29 15:58:28.804694,thyroid-sick-euthyroid,GaussianNB,random_sampling,0,4,86,0.04303474657315909
2025-03-29 15:58:28.808577,thyroid-sick-euthyroid,GaussianNB,random_sampling,0,4,87,0.04303474657315909
2025-03-29 15:58:28.812538,thyroid-sick-euthyroid,GaussianNB,random_sampling,0,4,88,0.04303474657315909
2025-03-29 15:58:28.816456,thyroid-sick-euthyroid,GaussianNB,random_sampling,0,4,89,0.04303474657315909
2025-03-29 15:58:28.820345,thyroid-sick-euthyroid,GaussianNB,random_sampling,0,4,90,0.04303474657315909
2025-03-29 15:58:28.824296,thyroid-sick-euthyroid,GaussianNB,random_sampling,0,4,91,0.04303474657315909
2025-03-29 15:58:28.828157,thyroid-sick-euthyroid,GaussianNB,random_sampling,0,4,92,0.04303474657315909
2025-03-29 15:58:28.831996,thyroid-sick-euthyroid,GaussianNB,random_sampling,0,4,93,0.04303474657315909
2025-03-29 15:58:28.835944,thyroid-sick-euthyroid,GaussianNB,random_sampling,0,4,94,0.04303474657315909
2025-03-29 15:58:28.839852,thyroid-sick-euthyroid,GaussianNB,random_sampling,0,4,95,0.04303474657315909
2025-03-29 15:58:28.843774,thyroid-sick-euthyroid,GaussianNB,random_sampling,0,4,96,0.04303474657315909
2025-03-29 15:58:28.847683,thyroid-sick-euthyroid,GaussianNB,random_sampling,0,4,97,0.04303474657315909
2025-03-29 15:58:28.851653,thyroid-sick-euthyroid,GaussianNB,random_sampling,0,4,98,0.04303474657315909
2025-03-29 15:58:28.855501,thyroid-sick-euthyroid,GaussianNB,random_sampling,0,4,99,0.04303474657315909
2025-03-29 15:58:28.859412,thyroid-sick-euthyroid,GaussianNB,random_sampling,0,4,100,0.04303474657315909
